Author,Number of Papers
FJM Meiland,1
WARWM Isa,1
A Navabi,1
H Zhang,1
A Tibuzzi,1
W Gerard,1
D Koutsouris,1
X Hua,1
R Nathan,1
M Kam,1
K Phyrum,1
B Goldstein,1
E Krahmer,1
HG van der Roest,1
RM Droes,1
E Kyriacou,1
SG Mougiakakou,1
F Kamoun,1
A Androulidakis,1
E Derksen,1
T Yamanaka,1
T Baker,1
KL Kumar,1
E Seman,1
C Jacks,1
G Ruddy,1
R Hinman,1
H Papadopoulos,1
M Kurosu,1
J Hey,1
S Nagarkar,1
AW Yeo,1
M Ishimitsu,1
CA Lee,1
ML Best,1
Z Fu,1
S Mehad,1
HPJ van Hout,1
M Bhattacharya,1
CS De Souza,1
CF Leitao,1
C Pattichis,1
S Shahid,1
A Bayor,1
L Pecchia,1
LM Haverhals,1
SA Linnebur,1
A Dekhtyar,1
A Seidakmatova,1
G Borriello,1
L Barnard,1
J Goldsmith,1
P Sirisalee,1
JH Matthews,1
PW Jordan,1
N Werghi,1
U Bracale,1
D Thakur,1
P Prasad,1
JW Rosenboom,1
Z Ying,1
O Salikhbaeva,1
J Yaaqoubi,1
A Lindgren,1
C Jonker,1
M Roberts,1
AM Agogino,1
F Chen,1
B Aryana,1
W Fungladda,1
LC De Castro Salgado,1
K Perakis,1
R Holland,1
NLM Noor,1
C Boks,1
R Tranfaglia,1
B DeRenzi,1
C Newman,1
G Konnis,1
C Pulkate,1
APD Jansen,1
N Poosanthanasarn,1
R Steinbeck,1
CA Darr,1
SE Ross,1
KK Mathias,1
M Al Blushi,1
HC Comijs,1
S Bucolo,1
C Lohachit,1
JM Ruscin,1
X Zhang,1
P Altankhuyag,1
J Wesson,1
J Matovu,1
K Pecknold,1
C Driesbach,1
D Amarsaikhan,1
D Prommin,1
T Gorman,1
KA Siek,1
C Isenhour,1
B Ariyatum,1
A Hashizume,1
S Sriboorapa,1
R Anderson,2
I Hussein,2
E Johnson,2
JS Sandhu,2
M Mahmud,2
R Rege,2
A Hope,2
W Brunette,2
M Hicks,2
R Walton,3
C Putnam,3
E Rose,3
B Kolko,9
